Feature,Importance_Mean,Importance_SD
MLH1,0.03547337916011717,0.002877152737569313
EFNA3,0.02557615210859101,0.006031561620829228
HOXA9,0.020381993576876468,0.008130900252095317
MSH4,0.018995611692434643,0.004058396183895406
RNF160,0.014234334956180405,0.003991118791559432
EPM2AIP1,0.01417660935428433,0.002130681795607692
GTF2A2,0.013806486310995791,0.00527234779581471
SMAP1,0.012680426871319738,0.0041937389281175965
FUT10,0.012383838581183948,0.003627262080240529
HPSE,0.010319875991783833,0.0028985300552487434
SFRP5,0.009692832621958103,0.0015738341410024297
STK33,0.008506914792421738,0.005934015715660911
NCKAP5,0.007546800494788663,0.0050775060713841216
LOC400043,0.0073384658371711264,0.002142646833106261
SEC31A,0.006673531356030105,0.0026474945775915577
RPL22L1,0.005631741144852232,0.0021109863232114915
SFXN1,0.004784756159960502,0.002616754344873433
FAM179B,0.004651042680069817,0.0018236058488155184
RPL13P5,0.00417497135889715,0.0012013292183532707
FLJ35776,0.003957397287818076,0.002386206264543612
C2orf42,0.0037600629580236246,0.0019561730861434746
ZNF334,0.003618668200724584,0.0015593988478768894
F12,0.0032578459429201565,0.0014006463023058617
C4orf46,0.002748214596704246,0.0006644405340919089
BSPRY,0.0026611684612889873,0.0011186196381180373
PLCL1,0.002318097559364096,0.001962029880316999
DNMT3A,0.0022460263346652633,0.001551381996440542
CROT,0.0021025309442210148,0.0016466056363895313
PCLO,0.0020012208178037394,0.001308833601104812
TRPC1,0.001951456876242519,0.0008308932061113592
RGAG4,0.0019147692847225617,0.0008516671506560181
GRSF1,0.0017914236452739596,0.0005590168164764383
DEPDC1,0.0017801078573613349,0.0010450082222242772
ZNF367,0.0016422739827745669,0.0007554592009502607
NANS,0.0015593608804502334,0.00059932405069279
DST,0.001552875979190116,0.0019884679575927
GPRASP1,0.0015269611543464955,0.0004146350147842339
SREBF1,0.0014695476875247193,0.00031652775062202237
TGFBR2,0.0014370134000968315,0.00043300602695023555
CACHD1,0.0012837615781068567,0.003053599020506777
MCM4,0.0012410317421948757,0.0006567891082656216
UVRAG,0.001173521298118807,0.000212902764802543
GLOD4,0.0011652895951211883,0.0018942474513923464
ZNF285,0.0011121036992730148,0.00038264354173585626
C7orf58,0.0010390577810317936,0.00047488123701649776
C12orf53,0.0010060359377612293,0.0010016912106831605
ANGPT1,0.0009871798214893702,0.0006253642688499943
PRKAA2,0.000957364061985122,0.0006518844154382268
MTA2,0.0009543090693160172,0.0015462869247767055
TTF2,0.000945328462071382,0.0019284822165192262
DHRS12,0.0008979668150182807,0.0023163285421506667
RBPMS2,0.0007129057266022975,0.0002052544514028235
PCDHB4,0.0006787312674342072,0.00038256526657254536
CDT1,0.0006727693087618559,0.0005169065793813505
GAMT,0.0005976372061891278,0.0005592955439757142
CDC42EP3,0.000594459557127025,0.0002928557345540316
FNBP1,0.0005777184082282228,0.0007054794740924117
C6orf155,0.000523303677874587,0.0005020487099075674
RNF180,0.0005194986105347521,0.00044056086039840974
ZNF229,0.0005128573364741706,0.00040876602923037324
SPC25,0.0003986465670757777,0.00043890521596010376
TBX2,0.00039104706787804753,0.0006732005858311874
PDZD4,0.00033088805655534514,0.0002234015735582195
E2F7,0.00031478553052766145,0.0010794503877399025
C20orf160,0.00029351746734258556,0.0002975743964279826
ZNF462,0.00027564334868586117,0.0011055176207747843
KLHL5,0.00026500636323967264,0.0002825821265478413
GIPC3,0.0002567507298063099,0.00018689231740676604
ABCG2,0.00023536942174591237,0.0005067213229561778
AS3MT,0.00023462424615279255,0.00026515896447629065
TYMS,0.0001836156852090376,0.0002396132265684296
SORBS1,0.0001749473571552418,7.132034203764002e-05
SIMC1P1,0.0001267131885383188,0.00018563336080884172
JAZF1,0.00010313047971766132,0.0003828189819427002
VAT1L,8.647083393817923e-05,0.001072798016219566
EHBP1,6.480766528074166e-05,0.000370755262523062
MND1,5.9051917237384896e-05,7.775977402496164e-05
GFRA3,5.8381953816066814e-05,0.0003714630352862746
CPOX,4.720953458223764e-05,0.002295369073082813
TMEM132E,4.199056469316176e-05,7.922844664911282e-05
ETHE1,1.1771536872440259e-05,1.7036383779231523e-05
MYEF2,7.958760474036097e-06,7.511509577234577e-05
PTPRM,0.0,0.0
PTTG1,0.0,0.0
PRICKLE2,0.0,0.0
PRC1,0.0,0.0
PRIMA1,0.0,0.0
PYGM,0.0,0.0
PBX1,0.0,0.0
PCDH18,0.0,0.0
PCDHB5,0.0,0.0
PCDHGC3,0.0,0.0
PDE1A,0.0,0.0
PDE1C,0.0,0.0
PDE2A,0.0,0.0
PDE9A,0.0,0.0
PDGFD,0.0,0.0
PDZD2,0.0,0.0
PDZRN3,0.0,0.0
RAB11FIP2,0.0,0.0
RGN,0.0,0.0
RAD51,0.0,0.0
RAD54L,0.0,0.0
RAI2,0.0,0.0
RARB,0.0,0.0
RASD2,0.0,0.0
RASL12,0.0,0.0
RBM24,0.0,0.0
RBMS3,0.0,0.0
RBP7,0.0,0.0
RBPMS,0.0,0.0
RCAN2,0.0,0.0
PPAT,0.0,0.0
REEP1,0.0,0.0
REEP4,0.0,0.0
RERG,0.0,0.0
PLAC9,0.0,0.0
PLEKHH2,0.0,0.0
PLK4,0.0,0.0
POC1A,0.0,0.0
PPAP2A,0.0,0.0
PPAP2B,0.0,0.0
PID1,0.0,0.0
PPP1R14A,0.0,0.0
PPP1R3C,0.0,0.0
RECK,0.0,0.0
TUBG2,0.0,0.0
UBE2T,0.0,0.0
UHRF1,0.0,0.0
VANGL2,0.0,0.0
VIPR2,0.0,0.0
WASF3,0.0,0.0
AP4S1,0.0,0.0
NCAPH,0.0,0.0
NCLN,0.0,0.0
NECAB1,0.0,0.0
NEGR1,0.0,0.0
PKNOX2,0.0,0.0
NFASC,0.0,0.0
NGFRAP1,0.0,0.0
NMUR1,0.0,0.0
NOVA1,0.0,0.0
NPHP1,0.0,0.0
NPR1,0.0,0.0
NPTXR,0.0,0.0
NPY1R,0.0,0.0
NR2F1,0.0,0.0
NR3C1,0.0,0.0
MCAM,0.0,0.0
NEIL3,0.0,0.0
PKIG,0.0,0.0
PKMYT1,0.0,0.0
C1QBP,0.0,0.0
PLA2G4C,0.0,0.0
NRG2,0.0,0.0
NRIP2,0.0,0.0
NUSAP1,0.0,0.0
OBSL1,0.0,0.0
OIP5,0.0,0.0
OLFML2A,0.0,0.0
ORC1L,0.0,0.0
TTLL12,0.0,0.0
PACS1,0.0,0.0
PAICS,0.0,0.0
PALM2-AKAP2,0.0,0.0
PAPLN,0.0,0.0
PAR5,0.0,0.0
PAR-SN,0.0,0.0
PBK,0.0,0.0
TSPYL3,0.0,0.0
TSPYL4,0.0,0.0
TSPYL5,0.0,0.0
TTC28,0.0,0.0
TTC30A,0.0,0.0
OXSM,0.0,0.0
AKT3,0.0,0.0
AKAP6,0.0,0.0
AFF3,0.0,0.0
ADPRH,0.0,0.0
ADHFE1,0.0,0.0
AAK1,0.0,0.0
TEAD1,0.0,0.0
TENC1,0.0,0.0
TET1,0.0,0.0
TMCC2,0.0,0.0
TMEM100,0.0,0.0
C14orf132,0.0,0.0
TMEM150C,0.0,0.0
TMEM170B,0.0,0.0
TMOD2,0.0,0.0
TRABD,0.0,0.0
TSLP,0.0,0.0
TSPAN18,0.0,0.0
TSPO,0.0,0.0
SPG20,0.0,0.0
ST3GAL3,0.0,0.0
ST6GALNAC3,0.0,0.0
STOX2,0.0,0.0
SULT1C4,0.0,0.0
TMEM136,0.0,0.0
ZDHHC15,0.0,0.0
ZEB1,0.0,0.0
ZFHX3,0.0,0.0
ZFP28,0.0,0.0
ZHX2,0.0,0.0
ZNF134,0.0,0.0
ZNF135,0.0,0.0
ZNF154,0.0,0.0
ZNF167,0.0,0.0
ZNF880,0.0,0.0
ZSCAN12,0.0,0.0
AMOTL1,0.0,0.0
ZNF362,0.0,0.0
TCF4,0.0,0.0
ADAMTSL3,0.0,0.0
TCF7L1,0.0,0.0
ATP5B,0.0,0.0
BAK1,0.0,0.0
BBS10,0.0,0.0
BEND5,0.0,0.0
WDR17,0.0,0.0
ANKRD6,0.0,0.0
ANKRD35,0.0,0.0
ANK2,0.0,0.0
ZSCAN18,0.0,0.0
RND2,0.0,0.0
RPS6KA1,0.0,0.0
RRM2,0.0,0.0
S1PR1,0.0,0.0
SALL2,0.0,0.0
SAMD11,0.0,0.0
SCARA3,0.0,0.0
SCN4B,0.0,0.0
SDPR,0.0,0.0
SEPT7,0.0,0.0
SETBP1,0.0,0.0
SV2A,0.0,0.0
RGL1,0.0,0.0
BEX2,0.0,0.0
BEX4,0.0,0.0
BHMT2,0.0,0.0
BUB1B,0.0,0.0
BVES,0.0,0.0
C10orf140,0.0,0.0
C11orf63,0.0,0.0
C14orf129,0.0,0.0
MCM10,0.0,0.0
C17orf57,0.0,0.0
C1orf135,0.0,0.0
SFRS13B,0.0,0.0
SVIL,0.0,0.0
SYNGR1,0.0,0.0
SYNPO,0.0,0.0
SYPL2,0.0,0.0
TACC1,0.0,0.0
TAL1,0.0,0.0
TCEA2,0.0,0.0
TCEAL5,0.0,0.0
TCEAL7,0.0,0.0
SGCE,0.0,0.0
SH3BP5,0.0,0.0
SHE,0.0,0.0
RHOJ,0.0,0.0
SKA1,0.0,0.0
SLC22A17,0.0,0.0
SLC35F1,0.0,0.0
SLC45A1,0.0,0.0
SLCO2A1,0.0,0.0
SLIT3,0.0,0.0
SMAD9,0.0,0.0
SNORD116-20,0.0,0.0
SORBS2,0.0,0.0
SPARCL1,0.0,0.0
RGS5,0.0,0.0
RGS7BP,0.0,0.0
SHMT2,0.0,0.0
FANCA,0.0,0.0
DTX3,0.0,0.0
DYNC1I1,0.0,0.0
DYNC2H1,0.0,0.0
DZIP1,0.0,0.0
EBF4,0.0,0.0
EDNRB,0.0,0.0
EFHA2,0.0,0.0
EFHD1,0.0,0.0
EID1,0.0,0.0
EIF5A,0.0,0.0
MMRN2,0.0,0.0
ELN,0.0,0.0
ELOVL4,0.0,0.0
EMCN,0.0,0.0
CNTN4,0.0,0.0
COL21A1,0.0,0.0
COL4A5,0.0,0.0
COL4A6,0.0,0.0
COQ2,0.0,0.0
CORO2B,0.0,0.0
CRMP1,0.0,0.0
CTSF,0.0,0.0
EIF5AL1,0.0,0.0
FGF2,0.0,0.0
FHL1,0.0,0.0
FIGN,0.0,0.0
FOXF1,0.0,0.0
FOXF2,0.0,0.0
FOXN3,0.0,0.0
FRZB,0.0,0.0
FUZ,0.0,0.0
FXYD1,0.0,0.0
FXYD6,0.0,0.0
CACNB2,0.0,0.0
FAM82A1,0.0,0.0
EML1,0.0,0.0
EPHA4,0.0,0.0
ESCO2,0.0,0.0
EXO1,0.0,0.0
EZH2,0.0,0.0
F10,0.0,0.0
FAM110B,0.0,0.0
FAM127C,0.0,0.0
FAM13C,0.0,0.0
FAM198A,0.0,0.0
FAM54A,0.0,0.0
FAM66C,0.0,0.0
EMILIN3,0.0,0.0
ARMCX2,0.0,0.0
ASF1B,0.0,0.0
ATOH8,0.0,0.0
ABCA8,0.0,0.0
ZNF529,0.0,0.0
ZNF542,0.0,0.0
ZNF582,0.0,0.0
ZNF660,0.0,0.0
ZNF671,0.0,0.0
ZNF704,0.0,0.0
ZNF772,0.0,0.0
CYYR1,0.0,0.0
ZNF793,0.0,0.0
ZNF835,0.0,0.0
ZNF853,0.0,0.0
CDC45,0.0,0.0
CDCA5,0.0,0.0
WDR35,0.0,0.0
ATP1B2,0.0,0.0
A2M,0.0,0.0
ZWINT,0.0,0.0
ZNF418,0.0,0.0
ADCY5,0.0,0.0
ZBTB20,0.0,0.0
ZNF781,0.0,0.0
DAAM2,0.0,0.0
DENND5A,0.0,0.0
DMD,0.0,0.0
DNAJC18,0.0,0.0
DOK6,0.0,0.0
DTL,0.0,0.0
CDCA8,0.0,0.0
CENPM,0.0,0.0
CEP55,0.0,0.0
CFL2,0.0,0.0
CGNL1,0.0,0.0
ARMCX1,0.0,0.0
CHFR,0.0,0.0
CHIC1,0.0,0.0
CHST10,0.0,0.0
CLDN11,0.0,0.0
CLEC3B,0.0,0.0
CLIP4,0.0,0.0
CNNM4,0.0,0.0
CNRIP1,0.0,0.0
APBA1,0.0,0.0
APBB1,0.0,0.0
APOD,0.0,0.0
ARHGAP11A,0.0,0.0
CH25H,0.0,0.0
MARK1,0.0,0.0
LIFR,0.0,0.0
LMNB1,0.0,0.0
RAMP2-AS1,0.0,0.0
A2M-AS1,0.0,0.0
LINC00654,0.0,0.0
ATP2B1-AS1,0.0,0.0
FAM228B,0.0,0.0
SMIM10,0.0,0.0
LPHN2,0.0,0.0
LRCH2,0.0,0.0
FERMT2,0.0,0.0
MAB21L1,0.0,0.0
MAD2L1,0.0,0.0
MAGI2,0.0,0.0
KCNT2,0.0,0.0
KIAA1377,0.0,0.0
KIAA1383,0.0,0.0
KIF11,0.0,0.0
KIF2C,0.0,0.0
KIF3C,0.0,0.0
KIT,0.0,0.0
KL,0.0,0.0
LRRC10B,0.0,0.0
MEIS3P1,0.0,0.0
MELK,0.0,0.0
MKI67,0.0,0.0
ZBTB10,0.0,0.0
MRVI1,0.0,0.0
MYB,0.0,0.0
MYOCD,0.0,0.0
MYOZ3,0.0,0.0
NACAD,0.0,0.0
NBEA,0.0,0.0
NCAPG,0.0,0.0
MAPK10,0.0,0.0
MAP1B,0.0,0.0
MAP2,0.0,0.0
MAP6,0.0,0.0
C1QTNF2,0.0,0.0
C1QTNF7,0.0,0.0
C20orf194,0.0,0.0
C21orf34,0.0,0.0
C5orf4,0.0,0.0
C6orf225,0.0,0.0
C7orf31,0.0,0.0
C8orf42,0.0,0.0
CAB39L,0.0,0.0
MAMDC2,0.0,0.0
GPIHBP1,0.0,0.0
GPR17,0.0,0.0
GSG2,0.0,0.0
GTSE1,0.0,0.0
H2AFZ,0.0,0.0
HDGFL3,0.0,0.0
HECTD2,0.0,0.0
CAND2,0.0,0.0
CAP2,0.0,0.0
CASQ2,0.0,0.0
CBX6,0.0,0.0
KLHL3,0.0,0.0
CCDC92,0.0,0.0
CCNA2,0.0,0.0
CCNB1,0.0,0.0
CCNB2,0.0,0.0
CCNF,0.0,0.0
CD302,0.0,0.0
CDC42EP1,0.0,0.0
FZD7,0.0,0.0
GALNTL1,0.0,0.0
FAT4,0.0,0.0
FBLN5,0.0,0.0
FBXO17,0.0,0.0
CC2D2A,0.0,0.0
LAMC1,0.0,0.0
LARP6,0.0,0.0
LASS4,0.0,0.0
LCA5,0.0,0.0
LDB2,0.0,0.0
LDOC1,0.0,0.0
HJURP,0.0,0.0
HRC,0.0,0.0
HSPB8,0.0,0.0
ICA1L,0.0,0.0
IGSF10,0.0,0.0
GNAL,0.0,0.0
IPW,0.0,0.0
ITGA7,0.0,0.0
ITIH5,0.0,0.0
JAM2,0.0,0.0
JAM3,0.0,0.0
KCND1,0.0,0.0
KCNK3,0.0,0.0
GFRA1,0.0,0.0
GHR,0.0,0.0
GINS2,0.0,0.0
GINS3,0.0,0.0
GJC1,0.0,0.0
IL34,0.0,0.0
CHAF1A,-7.071000778013925e-06,4.5201284556832995e-06
CCDC21,-1.7874125435257682e-05,0.0002211093479255662
FCER1A,-2.272598363388667e-05,0.0002411267117026964
C20orf117,-4.004967407835736e-05,4.15368862517855e-05
SLC7A2,-6.131791736532221e-05,0.0010633542838218264
C1orf88,-6.948993835209638e-05,0.0001153772469384791
MPP2,-8.192731071596793e-05,5.041211507019271e-05
USP2,-9.27985286739652e-05,5.0861009780995885e-05
HSPA2,-0.0002307135064078647,0.00012912422324291194
CDCA2,-0.00023371722840943577,0.00022855168000199218
ZNF662,-0.0003029524209730905,0.0008351286078110928
LPHN3,-0.000355647088890243,0.0002236429143814164
TCF21,-0.00040905286697954233,0.00016917177757983686
RAMP2,-0.0004140077682565968,0.0013087195203458388
CCDC3,-0.0004244869180465294,0.00046273884342462666
E2F2,-0.0005612343654209706,0.0001869554375664814
GINS4,-0.0005766024444607387,0.0005749640512584834
NID1,-0.0006658280817264384,0.0004791114379612433
SERP2,-0.0006785869399031696,0.0003042326112835516
GSTA4,-0.0006806437141855914,0.0009687556455663768
HRNR,-0.000745478648444875,0.0007828007702272278
PAMR1,-0.0007482646289750594,0.000892155646193602
LETM1,-0.0007679920781211713,0.0008460550120052013
ARHGEF16,-0.0007906555213972766,0.0007140567377932277
CHD6,-0.0009852800422287312,0.000972293796379051
C1orf93,-0.000985403555476516,0.002462156461144921
