Model,Fold,CV_R2,CV_RMSE,CV_MAE
Elastic Net,1,0.6036333778360725,0.5964005777544134,0.4589948757717778
Elastic Net,2,0.6137546593018799,0.6201627716378033,0.46950423054412393
Elastic Net,3,0.6633462858181919,0.6364517111373161,0.476087447699634
Random Forest,1,0.5411567909360586,0.641684681678526,0.4849367528184136
Random Forest,2,0.644691043265728,0.59480846829174,0.4317718539607881
Random Forest,3,0.6019154717321397,0.6920881332435759,0.477851484537712
XGBoost,1,0.6128318772298933,0.5894396062416544,0.44529675328654117
XGBoost,2,0.6755116947728863,0.5684255488555232,0.4246096092274078
XGBoost,3,0.6088218364518734,0.6860583509167841,0.47143009793184176
